positive_class,true_negatives,false_positives,false_negatives,true_positives,example_count,accuracy_score,recall_score,precision_score,f1_score,roc_auc,precision_recall_auc
0,1609,3,5,0,1617,0.9950525664811379,0.0,0.0,0.0,0.4951612903225806,0.0036465572069963627
1,1557,9,39,12,1617,0.9703153988868275,0.23529411764705882,0.5714285714285714,0.3333333333333333,0.8518393308792227,0.3483655574350462
2,990,135,172,320,1617,0.8101422387136673,0.6504065040650406,0.7032967032967034,0.675818373812038,0.8682005420054201,0.752915049648728
3,587,332,153,545,1617,0.7000618429189858,0.7808022922636103,0.621436716077537,0.692063492063492,0.7815490239484177,0.7172390233805652
4,1223,78,164,152,1617,0.8503401360544217,0.4810126582278481,0.6608695652173913,0.5567765567765568,0.86801778573444,0.6762346099818893
5,1555,9,31,22,1617,0.9752628324056896,0.41509433962264153,0.7096774193548387,0.5238095238095238,0.9033803020798147,0.5258142742488456
6,1615,0,2,0,1617,0.9987631416202845,0.0,0.0,0.0,0.8557275541795666,0.057729468599033815
